code,system
14594001,gprdproduct
6183001,gprdproduct
14890001,gprdproduct
1431009,gprdproduct
13977001,gprdproduct
5232001,gprdproduct
4588009,gprdproduct
12002,gprdproduct
3620002,gprdproduct
7062002,gprdproduct
7108001,gprdproduct
2332010,gprdproduct
5791001,gprdproduct
1916001,gprdproduct
6165001,gprdproduct
3621001,gprdproduct
1670009,gprdproduct
181001,gprdproduct
14692001,gprdproduct
7406002,gprdproduct
3782003,gprdproduct
328009,gprdproduct
1657009,gprdproduct
2417002,gprdproduct
604002,gprdproduct
9672002,gprdproduct
4210001,gprdproduct
4049009,gprdproduct
13999001,gprdproduct
1210001,gprdproduct
874010,gprdproduct
8846003,gprdproduct
3255010,gprdproduct
7406001,gprdproduct
2955002,gprdproduct
6182001,gprdproduct
7226001,gprdproduct
3879009,gprdproduct
6672001,gprdproduct
13459001,gprdproduct
4996009,gprdproduct
3973001,gprdproduct
6237009,gprdproduct
539010,gprdproduct
3246001,gprdproduct
12199001,gprdproduct
13409001,gprdproduct
511011,gprdproduct
6504009,gprdproduct
9913002,gprdproduct
13543001,gprdproduct
2286009,gprdproduct
6168001,gprdproduct
2756001,gprdproduct
2792009,gprdproduct
2875009,gprdproduct
8266001,gprdproduct
3383002,gprdproduct
14428001,gprdproduct
3921009,gprdproduct
7463001,gprdproduct
2128009,gprdproduct
852010,gprdproduct
5787001,gprdproduct
4418001,gprdproduct
7792002,gprdproduct
1375009,gprdproduct
2266007,gprdproduct
10094001,gprdproduct
8812002,gprdproduct
1211001,gprdproduct
11452002,gprdproduct
2333010,gprdproduct
5621009,gprdproduct
11024001,gprdproduct
13088001,gprdproduct
2123011,gprdproduct
10101001,gprdproduct
13458001,gprdproduct
4534002,gprdproduct
7475001,gprdproduct
3117009,gprdproduct
14895001,gprdproduct
6447009,gprdproduct
1279011,gprdproduct
9262003,gprdproduct
3908009,gprdproduct
3125010,gprdproduct
2208003,gprdproduct
5790002,gprdproduct
5231001,gprdproduct
853009,gprdproduct
5172001,gprdproduct
3383001,gprdproduct
4713009,gprdproduct
1696009,gprdproduct
2996001,gprdproduct
2445009,gprdproduct
9647001,gprdproduct
3269009,gprdproduct
853011,gprdproduct
6459009,gprdproduct
6573001,gprdproduct
13902001,gprdproduct
1918001,gprdproduct
7792001,gprdproduct
2996003,gprdproduct
333009,gprdproduct
6054009,gprdproduct
2997002,gprdproduct
770009,gprdproduct
10385001,gprdproduct
10898001,gprdproduct
3816007,gprdproduct
2206001,gprdproduct
364009,gprdproduct
569010,gprdproduct
872010,gprdproduct
2333009,gprdproduct
3175009,gprdproduct
4120001,gprdproduct
1541002,gprdproduct
2042009,gprdproduct
6295009,gprdproduct
9454001,gprdproduct
3697009,gprdproduct
12289001,gprdproduct
4534003,gprdproduct
2417001,gprdproduct
6532001,gprdproduct
5421001,gprdproduct
9875001,gprdproduct
9647003,gprdproduct
1981003,gprdproduct
373009,gprdproduct
9491002,gprdproduct
6812009,gprdproduct
3363007,gprdproduct
10321003,gprdproduct
6414009,gprdproduct
5808009,gprdproduct
1981002,gprdproduct
2694007,gprdproduct
10903001,gprdproduct
11452003,gprdproduct
5419002,gprdproduct
2332009,gprdproduct
2015009,gprdproduct
325010,gprdproduct
6058009,gprdproduct
6568003,gprdproduct
5526001,gprdproduct
14741001,gprdproduct
6691007,gprdproduct
10320003,gprdproduct
9913001,gprdproduct
13873001,gprdproduct
5788001,gprdproduct
6740003,gprdproduct
3654007,gprdproduct
1905002,gprdproduct
1981001,gprdproduct
1541003,gprdproduct
14744001,gprdproduct
11961002,gprdproduct
4390009,gprdproduct
851010,gprdproduct
329009,gprdproduct
1266009,gprdproduct
10321001,gprdproduct
4731009,gprdproduct
11023001,gprdproduct
4732009,gprdproduct
6293009,gprdproduct
5420001,gprdproduct
3126009,gprdproduct
6694001,gprdproduct
6815001,gprdproduct
3620003,gprdproduct
740002,gprdproduct
851009,gprdproduct
6493009,gprdproduct
7408001,gprdproduct
3877009,gprdproduct
6815003,gprdproduct
13427001,gprdproduct
8728001,gprdproduct
7322002,gprdproduct
2136009,gprdproduct
6888001,gprdproduct
7951002,gprdproduct
1643009,gprdproduct
10319001,gprdproduct
8365002,gprdproduct
5322009,gprdproduct
8849002,gprdproduct
3621002,gprdproduct
3586001,gprdproduct
535010,gprdproduct
3094009,gprdproduct
7225002,gprdproduct
2792010,gprdproduct
3759010,gprdproduct
4147007,gprdproduct
9978002,gprdproduct
873011,gprdproduct
1054009,gprdproduct
2793009,gprdproduct
539011,gprdproduct
8798003,gprdproduct
325009,gprdproduct
7006001,gprdproduct
6182009,gprdproduct
12002001,gprdproduct
9693002,gprdproduct
2444009,gprdproduct
14371001,gprdproduct
5787002,gprdproduct
10903002,gprdproduct
4550001,gprdproduct
3888007,gprdproduct
1520009,gprdproduct
353009,gprdproduct
12135001,gprdproduct
1357001,gprdproduct
193011,gprdproduct
6741009,gprdproduct
603002,gprdproduct
5355002,gprdproduct
9646003,gprdproduct
4658009,gprdproduct
2771009,gprdproduct
7225001,gprdproduct
2980001,gprdproduct
9647002,gprdproduct
6570001,gprdproduct
13975001,gprdproduct
4209002,gprdproduct
1539009,gprdproduct
10901001,gprdproduct
6677003,gprdproduct
4106001,gprdproduct
4535002,gprdproduct
603003,gprdproduct
3057007,gprdproduct
3049007,gprdproduct
3089009,gprdproduct
561002,gprdproduct
6238009,gprdproduct
1262002,gprdproduct
720009,gprdproduct
10984001,gprdproduct
3290007,gprdproduct
8758001,gprdproduct
739001,gprdproduct
6568002,gprdproduct
2710007,gprdproduct
1822011,gprdproduct
7878001,gprdproduct
3382002,gprdproduct
13797001,gprdproduct
6056001,gprdproduct
5232002,gprdproduct
7951001,gprdproduct
1376009,gprdproduct
5433001,gprdproduct
10983001,gprdproduct
3805007,gprdproduct
11523002,gprdproduct
5227001,gprdproduct
10320002,gprdproduct
10695001,gprdproduct
929002,gprdproduct
569009,gprdproduct
1375010,gprdproduct
2722007,gprdproduct
7144001,gprdproduct
2270009,gprdproduct
10901002,gprdproduct
770010,gprdproduct
1669009,gprdproduct
2152011,gprdproduct
7703002,gprdproduct
4665001,gprdproduct
13011001,gprdproduct
7531001,gprdproduct
6413001,gprdproduct
6136001,gprdproduct
3624003,gprdproduct
324009,gprdproduct
10815001,gprdproduct
14876001,gprdproduct
13385001,gprdproduct
4100007,gprdproduct
4535001,gprdproduct
2818007,gprdproduct
9896001,gprdproduct
9055001,gprdproduct
6497009,gprdproduct
14041001,gprdproduct
8753002,gprdproduct
1446009,gprdproduct
3125009,gprdproduct
11452001,gprdproduct
11523001,gprdproduct
6512001,gprdproduct
8798001,gprdproduct
4211002,gprdproduct
2267007,gprdproduct
677001,gprdproduct
6671001,gprdproduct
10044001,gprdproduct
2123009,gprdproduct
3671007,gprdproduct
2789009,gprdproduct
7063001,gprdproduct
6676003,gprdproduct
3652001,gprdproduct
539009,gprdproduct
9692002,gprdproduct
8993001,gprdproduct
3815009,gprdproduct
6390001,gprdproduct
5788002,gprdproduct
8143001,gprdproduct
2314009,gprdproduct
5578001,gprdproduct
3809007,gprdproduct
3878009,gprdproduct
11271001,gprdproduct
8193001,gprdproduct
375009,gprdproduct
3414007,gprdproduct
755009,gprdproduct
13425001,gprdproduct
1054010,gprdproduct
6736009,gprdproduct
14893001,gprdproduct
10899001,gprdproduct
1283010,gprdproduct
3447001,gprdproduct
6766009,gprdproduct
13426001,gprdproduct
7952001,gprdproduct
604001,gprdproduct
641001,gprdproduct
14424001,gprdproduct
3155010,gprdproduct
2955003,gprdproduct
1539010,gprdproduct
14891001,gprdproduct
3141009,gprdproduct
2152010,gprdproduct
9978001,gprdproduct
2152009,gprdproduct
5192001,gprdproduct
1376010,gprdproduct
6743009,gprdproduct
2874009,gprdproduct
3125011,gprdproduct
3652007,gprdproduct
1124003,gprdproduct
9693001,gprdproduct
3043011,gprdproduct
2694001,gprdproduct
2721007,gprdproduct
322010,gprdproduct
353010,gprdproduct
10248001,gprdproduct
337009,gprdproduct
2928009,gprdproduct
6449009,gprdproduct
5387001,gprdproduct
11525003,gprdproduct
6448009,gprdproduct
4549001,gprdproduct
5419001,gprdproduct
13407001,gprdproduct
363011,gprdproduct
1825009,gprdproduct
359011,gprdproduct
4460009,gprdproduct
13976001,gprdproduct
7431001,gprdproduct
6294009,gprdproduct
4535003,gprdproduct
5172002,gprdproduct
10763002,gprdproduct
3016009,gprdproduct
334009,gprdproduct
14657001,gprdproduct
4839003,gprdproduct
4534001,gprdproduct
2811007,gprdproduct
10763001,gprdproduct
2724007,gprdproduct
2208001,gprdproduct
11796001,gprdproduct
3409001,gprdproduct
5622009,gprdproduct
1650009,gprdproduct
7226003,gprdproduct
874009,gprdproduct
4839002,gprdproduct
13408001,gprdproduct
7323002,gprdproduct
3012009,gprdproduct
4222001,gprdproduct
10898002,gprdproduct
6494009,gprdproduct
6687007,gprdproduct
11264001,gprdproduct
4121002,gprdproduct
6676001,gprdproduct
2997001,gprdproduct
310001,gprdproduct
13406001,gprdproduct
713001,gprdproduct
1678009,gprdproduct
14595001,gprdproduct
3622003,gprdproduct
271001,gprdproduct
11525001,gprdproduct
5643002,gprdproduct
10321002,gprdproduct
2916001,gprdproduct
6601009,gprdproduct
3915009,gprdproduct
10899002,gprdproduct
6461009,gprdproduct
6668001,gprdproduct
8798002,gprdproduct
13798001,gprdproduct
10384003,gprdproduct
6745009,gprdproduct
853010,gprdproduct
3382009,gprdproduct
3126010,gprdproduct
5199001,gprdproduct
2206003,gprdproduct
6496009,gprdproduct
9882001,gprdproduct
6414001,gprdproduct
331009,gprdproduct
4548001,gprdproduct
8728002,gprdproduct
3812007,gprdproduct
8841003,gprdproduct
9240001,gprdproduct
1816009,gprdproduct
6154009,gprdproduct
4419001,gprdproduct
7226002,gprdproduct
286001,gprdproduct
4328009,gprdproduct
2810007,gprdproduct
3043009,gprdproduct
3415009,gprdproduct
6669001,gprdproduct
7405003,gprdproduct
3810007,gprdproduct
14695001,gprdproduct
5752001,gprdproduct
13386001,gprdproduct
9914001,gprdproduct
14454001,gprdproduct
536009,gprdproduct
327009,gprdproduct
1940009,gprdproduct
9804001,gprdproduct
4221001,gprdproduct
6328001,gprdproduct
6460009,gprdproduct
6572003,gprdproduct
1445009,gprdproduct
6738009,gprdproduct
6543001,gprdproduct
322009,gprdproduct
3188009,gprdproduct
3155009,gprdproduct
3624001,gprdproduct
4207001,gprdproduct
2980002,gprdproduct
11525002,gprdproduct
2764002,gprdproduct
6446001,gprdproduct
8840001,gprdproduct
374009,gprdproduct
763010,gprdproduct
14745001,gprdproduct
370002,gprdproduct
8876002,gprdproduct
5716009,gprdproduct
3045009,gprdproduct
6228001,gprdproduct
10900001,gprdproduct
7406003,gprdproduct
4950009,gprdproduct
2998009,gprdproduct
8030001,gprdproduct
2723007,gprdproduct
1406009,gprdproduct
6552009,gprdproduct
914002,gprdproduct
5356001,gprdproduct
7407001,gprdproduct
780009,gprdproduct
6490009,gprdproduct
11961001,gprdproduct
3409002,gprdproduct
3687009,gprdproduct
8033002,gprdproduct
7225003,gprdproduct
6568001,gprdproduct
8876001,gprdproduct
10096001,gprdproduct
10920002,gprdproduct
2065009,gprdproduct
1668010,gprdproduct
9672001,gprdproduct
7951003,gprdproduct
2720007,gprdproduct
2323009,gprdproduct
9645001,gprdproduct
2081001,gprdproduct
10902002,gprdproduct
5141007,gprdproduct
8846001,gprdproduct
6496001,gprdproduct
4104007,gprdproduct
851011,gprdproduct
6750009,gprdproduct
10384002,gprdproduct
372009,gprdproduct
604003,gprdproduct
1556001,gprdproduct
13927001,gprdproduct
12504001,gprdproduct
2719007,gprdproduct
3940009,gprdproduct
8753001,gprdproduct
873009,gprdproduct
8141001,gprdproduct
4540001,gprdproduct
3364009,gprdproduct
2123010,gprdproduct
3044009,gprdproduct
12006001,gprdproduct
369001,gprdproduct
363010,gprdproduct
5842009,gprdproduct
511009,gprdproduct
5530009,gprdproduct
3695009,gprdproduct
6166001,gprdproduct
3408001,gprdproduct
6673001,gprdproduct
4250001,gprdproduct
14654001,gprdproduct
13073001,gprdproduct
5790003,gprdproduct
6291009,gprdproduct
2077009,gprdproduct
5791002,gprdproduct
7792003,gprdproduct
12385001,gprdproduct
7203001,gprdproduct
4120003,gprdproduct
259001,gprdproduct
2332011,gprdproduct
14693001,gprdproduct
14919001,gprdproduct
8033001,gprdproduct
5193002,gprdproduct
14433001,gprdproduct
190009,gprdproduct
3383003,gprdproduct
7199001,gprdproduct
1285009,gprdproduct
1906002,gprdproduct
3782001,gprdproduct
3672007,gprdproduct
13926001,gprdproduct
1125001,gprdproduct
7703003,gprdproduct
13382001,gprdproduct
7062003,gprdproduct
4066003,gprdproduct
12001,gprdproduct
4208001,gprdproduct
5419003,gprdproduct
6228002,gprdproduct
10898003,gprdproduct
3398009,gprdproduct
3364007,gprdproduct
6737009,gprdproduct
1423009,gprdproduct
5231003,gprdproduct
5231002,gprdproduct
1351002,gprdproduct
4210003,gprdproduct
6153009,gprdproduct
763009,gprdproduct
2755009,gprdproduct
3043010,gprdproduct
10095001,gprdproduct
6813009,gprdproduct
11250001,gprdproduct
1668009,gprdproduct
1971009,gprdproduct
13978001,gprdproduct
9692003,gprdproduct
3052009,gprdproduct
2715007,gprdproduct
763011,gprdproduct
12136001,gprdproduct
13998001,gprdproduct
3587001,gprdproduct
4432001,gprdproduct
10900002,gprdproduct
7697002,gprdproduct
6531001,gprdproduct
4654009,gprdproduct
11119001,gprdproduct
5420002,gprdproduct
1446002,gprdproduct
13384001,gprdproduct
8846002,gprdproduct
2968009,gprdproduct
375010,gprdproduct
270001,gprdproduct
3806007,gprdproduct
5717009,gprdproduct
7405002,gprdproduct
6033001,gprdproduct
6740009,gprdproduct
3046010,gprdproduct
719009,gprdproduct
1405009,gprdproduct
7323001,gprdproduct
4458009,gprdproduct
929001,gprdproduct
2268007,gprdproduct
325011,gprdproduct
3246003,gprdproduct
4553001,gprdproduct
13012001,gprdproduct
3622001,gprdproduct
2712007,gprdproduct
9645003,gprdproduct
12383001,gprdproduct
7883001,gprdproduct
6150007,gprdproduct
4547001,gprdproduct
6554009,gprdproduct
1279010,gprdproduct
6505009,gprdproduct
5193003,gprdproduct
7697001,gprdproduct
6574001,gprdproduct
9693003,gprdproduct
3547009,gprdproduct
6675001,gprdproduct
8970001,gprdproduct
7405001,gprdproduct
323009,gprdproduct
6742009,gprdproduct
2764001,gprdproduct
8849001,gprdproduct
2269007,gprdproduct
13484001,gprdproduct
4417001,gprdproduct
2900009,gprdproduct
8231001,gprdproduct
5734001,gprdproduct
370001,gprdproduct
1823009,gprdproduct
6035001,gprdproduct
1366010,gprdproduct
8840003,gprdproduct
9491003,gprdproduct
2726007,gprdproduct
9645002,gprdproduct
8543001,gprdproduct
4121001,gprdproduct
14656001,gprdproduct
1366009,gprdproduct
2682001,gprdproduct
3215009,gprdproduct
6728007,gprdproduct
2711007,gprdproduct
193010,gprdproduct
873010,gprdproduct
1862009,gprdproduct
6749009,gprdproduct
10804001,gprdproduct
6417009,gprdproduct
6164009,gprdproduct
5720001,gprdproduct
3276009,gprdproduct
4207002,gprdproduct
872009,gprdproduct
10384001,gprdproduct
6575001,gprdproduct
13903001,gprdproduct
6179009,gprdproduct
3050009,gprdproduct
2727007,gprdproduct
1905001,gprdproduct
9646001,gprdproduct
13544001,gprdproduct
7533001,gprdproduct
5493007,gprdproduct
11954001,gprdproduct
7063002,gprdproduct
7878002,gprdproduct
5715009,gprdproduct
2771010,gprdproduct
13071001,gprdproduct
8804002,gprdproduct
535009,gprdproduct
2265007,gprdproduct
6571001,gprdproduct
13796001,gprdproduct
4795009,gprdproduct
3728009,gprdproduct
14743001,gprdproduct
1923009,gprdproduct
5791003,gprdproduct
2756009,gprdproduct
6512003,gprdproduct
14655001,gprdproduct
14892001,gprdproduct
8033003,gprdproduct
1424009,gprdproduct
4790001,gprdproduct
9261001,gprdproduct
8477001,gprdproduct
9672003,gprdproduct
7858001,gprdproduct
11453001,gprdproduct
1422009,gprdproduct
5753001,gprdproduct
3382001,gprdproduct
4289009,gprdproduct
1643010,gprdproduct
6491009,gprdproduct
8728003,gprdproduct
8840002,gprdproduct
13387001,gprdproduct
12452001,gprdproduct
3569009,gprdproduct
10319002,gprdproduct
9262001,gprdproduct
4209001,gprdproduct
561003,gprdproduct
14319001,gprdproduct
6677002,gprdproduct
5227003,gprdproduct
1124001,gprdproduct
8144001,gprdproduct
4541003,gprdproduct
1581001,gprdproduct
10712001,gprdproduct
6489009,gprdproduct
10920001,gprdproduct
5339009,gprdproduct
4545001,gprdproduct
3084009,gprdproduct
1529001,gprdproduct
740001,gprdproduct
6458009,gprdproduct
13899001,gprdproduct
8764001,gprdproduct
5227002,gprdproduct
6730007,gprdproduct
8841002,gprdproduct
14738001,gprdproduct
13089001,gprdproduct
335009,gprdproduct
7532001,gprdproduct
7703001,gprdproduct
6416009,gprdproduct
7531002,gprdproduct
4631009,gprdproduct
13485001,gprdproduct
13496001,gprdproduct
2206002,gprdproduct
603001,gprdproduct
3056007,gprdproduct
4209003,gprdproduct
5420003,gprdproduct
1541001,gprdproduct
6677001,gprdproduct
5355001,gprdproduct
330009,gprdproduct
7407003,gprdproduct
12384001,gprdproduct
6740002,gprdproduct
5714009,gprdproduct
3807007,gprdproduct
6296009,gprdproduct
6744009,gprdproduct
6719001,gprdproduct
7322001,gprdproduct
4541001,gprdproduct
1906001,gprdproduct
2304009,gprdproduct
1124002,gprdproduct
2713007,gprdproduct
6446009,gprdproduct
6686007,gprdproduct
10902001,gprdproduct
8804001,gprdproduct
3622002,gprdproduct
321009,gprdproduct
9262002,gprdproduct
7407002,gprdproduct
6572001,gprdproduct
1688001,gprdproduct
6705007,gprdproduct
874011,gprdproduct
4537002,gprdproduct
3759009,gprdproduct
5237009,gprdproduct
8365001,gprdproduct
13079001,gprdproduct
3624002,gprdproduct
3042009,gprdproduct
4538001,gprdproduct
4537001,gprdproduct
332009,gprdproduct
2980003,gprdproduct
6740001,gprdproduct
7062001,gprdproduct
6180009,gprdproduct
2916009,gprdproduct
371009,gprdproduct
3620001,gprdproduct
10901003,gprdproduct
6746009,gprdproduct
13428001,gprdproduct
7199002,gprdproduct
9270001,gprdproduct
3380009,gprdproduct
11526002,gprdproduct
13895001,gprdproduct
851001,gprdproduct
14421001,gprdproduct
4210002,gprdproduct
8059001,gprdproduct
1217001,gprdproduct
6650007,gprdproduct
5718001,gprdproduct
1446001,gprdproduct
536010,gprdproduct
4798009,gprdproduct
6492009,gprdproduct
4250002,gprdproduct
8841001,gprdproduct
6679001,gprdproduct
5718009,gprdproduct
852011,gprdproduct
4554001,gprdproduct
10212001,gprdproduct
5529009,gprdproduct
6816001,gprdproduct
6735009,gprdproduct
6747009,gprdproduct
8563001,gprdproduct
3246002,gprdproduct
353011,gprdproduct
719010,gprdproduct
6572002,gprdproduct
929003,gprdproduct
4554002,gprdproduct
2739001,gprdproduct
2270010,gprdproduct
5193001,gprdproduct
4066001,gprdproduct
2208002,gprdproduct
3623001,gprdproduct
1231009,gprdproduct
1815009,gprdproduct
12180001,gprdproduct
4120002,gprdproduct
13486001,gprdproduct
1351001,gprdproduct
2742001,gprdproduct
13799001,gprdproduct
234009,gprdproduct
2583007,gprdproduct
5434001,gprdproduct
361009,gprdproduct
2955001,gprdproduct
7199003,gprdproduct
2238001,gprdproduct
9692001,gprdproduct
6512002,gprdproduct
8142001,gprdproduct
3623002,gprdproduct
10320001,gprdproduct
3180010,gprdproduct
2318001,gprdproduct
6448001,gprdproduct
487009,gprdproduct
1366011,gprdproduct
14694001,gprdproduct
10983002,gprdproduct
4541002,gprdproduct
13072001,gprdproduct
10931001,gprdproduct
2695001,gprdproduct
1262001,gprdproduct
6657007,gprdproduct
8266002,gprdproduct
6649007,gprdproduct
2714007,gprdproduct
8365003,gprdproduct
7531003,gprdproduct
2996002,gprdproduct
9913003,gprdproduct
5643001,gprdproduct
9646002,gprdproduct
3782002,gprdproduct
10234001,gprdproduct
8812001,gprdproduct
3834007,gprdproduct
12840001,gprdproduct
13417001,gprdproduct
13383001,gprdproduct
13014001,gprdproduct
7322003,gprdproduct
7877001,gprdproduct
6415009,gprdproduct
1147009,gprdproduct
4839001,gprdproduct
4211001,gprdproduct
1822010,gprdproduct
4207003,gprdproduct
2186009,gprdproduct
5790001,gprdproduct
4793009,gprdproduct
8455001,gprdproduct
5738001,gprdproduct
9356001,gprdproduct
561001,gprdproduct
6676002,gprdproduct
1786001,gprdproduct
14918001,gprdproduct
4533001,gprdproduct
3621003,gprdproduct
9750001,gprdproduct
487011,gprdproduct
3255009,gprdproduct
6816003,gprdproduct
754009,gprdproduct
9491001,gprdproduct
3808007,gprdproduct
8278001,gprdproduct
363009,gprdproduct
511010,gprdproduct
2080001,gprdproduct
3180009,gprdproduct
1918002,gprdproduct
6816002,gprdproduct
5510009,gprdproduct
336009,gprdproduct
13013001,gprdproduct
1822009,gprdproduct
11526001,gprdproduct
4546001,gprdproduct
3046011,gprdproduct
6815002,gprdproduct
4459009,gprdproduct
1668011,gprdproduct
3811007,gprdproduct
14431001,gprdproduct
3795007,gprdproduct
3269010,gprdproduct
6152009,gprdproduct
2725007,gprdproduct
13896001,gprdproduct
326009,gprdproduct
5355003,gprdproduct
8876003,gprdproduct
3449001,gprdproduct
2728007,gprdproduct